<?xml version="1.0" encoding="UTF-8"?>
<CodeLite_Project Name="PECL2" Version="10.0.0" InternalType="Console">
  <Description/>
  <Dependencies/>
  <Settings Type="Executable">
    <GlobalSettings>
      <Compiler Options="" C_Options="" Assembler="">
        <IncludePath Value="."/>
      </Compiler>
      <Linker Options="">
        <LibraryPath Value="."/>
      </Linker>
      <ResourceCompiler Options=""/>
    </GlobalSettings>
    <Configuration Name="Debug" CompilerType="MinGW ( TDM-GCC-64 )" DebuggerType="GNU gdb debugger" Type="Executable" BuildCmpWithGlobalSettings="append" BuildLnkWithGlobalSettings="append" BuildResWithGlobalSettings="append">
      <Compiler Options="-g;-O0;-Wall" C_Options="-g;-O0;-Wall" Assembler="" Required="yes" PreCompiledHeader="" PCHInCommandLine="no" PCHFlags="" PCHFlagsPolicy="0">
        <IncludePath Value="."/>
      </Compiler>
      <Linker Options="" Required="yes"/>
      <ResourceCompiler Options="" Required="no"/>
      <General OutputFile="$(IntermediateDirectory)/$(ProjectName)" IntermediateDirectory="./Debug" Command="./$(ProjectName)" CommandArguments="" UseSeparateDebugArgs="no" DebugArguments="" WorkingDirectory="$(IntermediateDirectory)" PauseExecWhenProcTerminates="yes" IsGUIProgram="no" IsEnabled="yes"/>
      <BuildSystem Name="Default"/>
      <Environment EnvVarSetName="&lt;Use Defaults&gt;" DbgSetName="&lt;Use Defaults&gt;">
        <![CDATA[]]>
      </Environment>
      <Debugger IsRemote="no" RemoteHostName="" RemoteHostPort="" DebuggerPath="" IsExtended="no">
        <DebuggerSearchPaths/>
        <PostConnectCommands/>
        <StartupCommands/>
      </Debugger>
      <PreBuild/>
      <PostBuild/>
      <CustomBuild Enabled="no">
        <RebuildCommand/>
        <CleanCommand/>
        <BuildCommand/>
        <PreprocessFileCommand/>
        <SingleFileCommand/>
        <MakefileGenerationCommand/>
        <ThirdPartyToolName>None</ThirdPartyToolName>
        <WorkingDirectory/>
      </CustomBuild>
      <AdditionalRules>
        <CustomPostBuild/>
        <CustomPreBuild/>
      </AdditionalRules>
      <Completion EnableCpp11="no" EnableCpp14="no">
        <ClangCmpFlagsC/>
        <ClangCmpFlags/>
        <ClangPP/>
        <SearchPaths/>
      </Completion>
    </Configuration>
    <Configuration Name="Release" CompilerType="MinGW ( TDM-GCC-64 )" DebuggerType="GNU gdb debugger" Type="Executable" BuildCmpWithGlobalSettings="append" BuildLnkWithGlobalSettings="append" BuildResWithGlobalSettings="append">
      <Compiler Options="-O2;-Wall" C_Options="-O2;-Wall" Assembler="" Required="yes" PreCompiledHeader="" PCHInCommandLine="no" PCHFlags="" PCHFlagsPolicy="0">
        <IncludePath Value="."/>
        <Preprocessor Value="NDEBUG"/>
      </Compiler>
      <Linker Options="" Required="yes"/>
      <ResourceCompiler Options="" Required="no"/>
      <General OutputFile="$(IntermediateDirectory)/$(ProjectName)" IntermediateDirectory="./Release" Command="./$(ProjectName)" CommandArguments="" UseSeparateDebugArgs="no" DebugArguments="" WorkingDirectory="$(IntermediateDirectory)" PauseExecWhenProcTerminates="yes" IsGUIProgram="no" IsEnabled="yes"/>
      <BuildSystem Name="Default"/>
      <Environment EnvVarSetName="&lt;Use Defaults&gt;" DbgSetName="&lt;Use Defaults&gt;">
        <![CDATA[]]>
      </Environment>
      <Debugger IsRemote="no" RemoteHostName="" RemoteHostPort="" DebuggerPath="" IsExtended="no">
        <DebuggerSearchPaths/>
        <PostConnectCommands/>
        <StartupCommands/>
      </Debugger>
      <PreBuild/>
      <PostBuild/>
      <CustomBuild Enabled="no">
        <RebuildCommand/>
        <CleanCommand/>
        <BuildCommand/>
        <PreprocessFileCommand/>
        <SingleFileCommand/>
        <MakefileGenerationCommand/>
        <ThirdPartyToolName>None</ThirdPartyToolName>
        <WorkingDirectory/>
      </CustomBuild>
      <AdditionalRules>
        <CustomPostBuild/>
        <CustomPreBuild/>
      </AdditionalRules>
      <Completion EnableCpp11="no" EnableCpp14="no">
        <ClangCmpFlagsC/>
        <ClangCmpFlags/>
        <ClangPP/>
        <SearchPaths/>
      </Completion>
    </Configuration>
  </Settings>
  <VirtualDirectory Name="src">
    <File Name="pecl2.cpp"/>
    <File Name="pecl2.h"/>
    <File Name="main.cpp"/>
  </VirtualDirectory>
</CodeLite_Project>
